<?xml version="1.0" encoding="UTF-8"?>
<!DOCTYPE mapper PUBLIC "-//mybatis.org//DTD Mapper 3.0//EN" "http://mybatis.org/dtd/mybatis-3-mapper.dtd">
<mapper namespace="com.digitalchina.mpdemo.mid.mapper.UserMapper">

    <!-- 通用查询映射结果 -->
    <resultMap id="BaseResultMap" type="com.digitalchina.mpdemo.mid.entity.User">
        <id column="id" property="id" />
        <result column="name" property="name" />
        <result column="password" property="password" />
        <result column="hobby" property="hobby" />
    </resultMap>

    <!-- 通用查询结果列 -->
    <sql id="Base_Column_List">
        id, name, password, hobby
    </sql>

</mapper>
